project,bug_id,category,exception_types,num_failing_tests
Chart,1,Functional,junit.framework.AssertionFailedError,1
Chart,3,Functional,junit.framework.AssertionFailedError,1
Chart,6,Functional,junit.framework.AssertionFailedError,2
Chart,7,Functional,junit.framework.AssertionFailedError,1
Chart,8,Functional,junit.framework.AssertionFailedError,1
Chart,11,Functional,junit.framework.AssertionFailedError,1
Chart,12,Functional,junit.framework.AssertionFailedError,1
Chart,15,Functional,junit.framework.AssertionFailedError,1
Chart,19,Functional,junit.framework.AssertionFailedError,2
Chart,20,Functional,junit.framework.AssertionFailedError,1
Chart,21,Functional,junit.framework.AssertionFailedError,1
Chart,23,Functional,junit.framework.AssertionFailedError,1
Chart,25,Functional,junit.framework.AssertionFailedError,4
Chart,26,Functional,junit.framework.AssertionFailedError,22
Cli,1,Functional,junit.framework.AssertionFailedError,1
Cli,3,Functional,junit.framework.AssertionFailedError,1
Cli,10,Functional,junit.framework.AssertionFailedError,1
Cli,17,Functional,junit.framework.AssertionFailedError,1
Cli,18,Functional,junit.framework.AssertionFailedError,1
Cli,19,Functional,junit.framework.AssertionFailedError,1
Cli,20,Functional,junit.framework.AssertionFailedError,1
Cli,26,Functional,junit.framework.AssertionFailedError,1
Cli,28,Functional,junit.framework.AssertionFailedError,1
Cli,34,Functional,junit.framework.AssertionFailedError,2
Cli,36,Functional,junit.framework.AssertionFailedError,1
Cli,37,Functional,junit.framework.AssertionFailedError,1
Cli,38,Functional,junit.framework.AssertionFailedError,1
Cli,39,Functional,junit.framework.AssertionFailedError,2
Cli,40,Functional,junit.framework.AssertionFailedError,1
Closure,1,Functional,junit.framework.AssertionFailedError,8
Closure,3,Functional,junit.framework.AssertionFailedError,3
Closure,5,Functional,junit.framework.AssertionFailedError,1
Closure,6,Functional,junit.framework.AssertionFailedError,3
Closure,7,Functional,junit.framework.AssertionFailedError,2
Closure,8,Functional,junit.framework.AssertionFailedError,1
Closure,10,Functional,junit.framework.AssertionFailedError,1
Closure,11,Functional,junit.framework.AssertionFailedError,2
Closure,12,Functional,junit.framework.AssertionFailedError,1
Closure,13,Functional,junit.framework.AssertionFailedError,1
Closure,14,Functional,junit.framework.AssertionFailedError,3
Closure,15,Functional,junit.framework.AssertionFailedError,1
Closure,16,Functional,junit.framework.AssertionFailedError,2
Closure,18,Functional,junit.framework.AssertionFailedError,1
Closure,20,Functional,junit.framework.AssertionFailedError,1
Closure,21,Functional,junit.framework.AssertionFailedError,1
Closure,22,Functional,junit.framework.AssertionFailedError,1
Closure,23,Functional,junit.framework.AssertionFailedError,1
Closure,24,Functional,junit.framework.AssertionFailedError,1
Closure,26,Functional,junit.framework.AssertionFailedError,7
Closure,28,Functional,junit.framework.AssertionFailedError,2
Closure,29,Functional,junit.framework.AssertionFailedError,5
Closure,30,Functional,junit.framework.AssertionFailedError,3
Closure,31,Functional,junit.framework.AssertionFailedError,1
Closure,33,Functional,junit.framework.AssertionFailedError,1
Closure,35,Functional,junit.framework.AssertionFailedError,1
Closure,36,Functional,junit.framework.AssertionFailedError,1
Closure,42,Functional,junit.framework.AssertionFailedError,1
Closure,45,Functional,junit.framework.AssertionFailedError,1
Closure,46,Functional,junit.framework.AssertionFailedError,3
Closure,48,Functional,junit.framework.AssertionFailedError,1
Closure,49,Functional,junit.framework.AssertionFailedError,66
Closure,50,Functional,junit.framework.AssertionFailedError,2
Closure,57,Functional,junit.framework.AssertionFailedError,1
Closure,59,Functional,junit.framework.AssertionFailedError,1
Closure,60,Functional,junit.framework.AssertionFailedError,2
Closure,61,Functional,junit.framework.AssertionFailedError,3
Closure,64,Functional,junit.framework.AssertionFailedError,1
Closure,66,Functional,junit.framework.AssertionFailedError,2
Closure,67,Functional,junit.framework.AssertionFailedError,1
Closure,68,Functional,junit.framework.AssertionFailedError,1
Closure,69,Functional,junit.framework.AssertionFailedError,3
Closure,70,Functional,junit.framework.AssertionFailedError,5
Closure,71,Functional,junit.framework.AssertionFailedError,2
Closure,72,Functional,junit.framework.AssertionFailedError,1
Closure,75,Functional,junit.framework.AssertionFailedError,1
Closure,76,Functional,junit.framework.AssertionFailedError,4
Closure,78,Functional,junit.framework.AssertionFailedError,1
Closure,81,Functional,junit.framework.AssertionFailedError,1
Closure,82,Functional,junit.framework.AssertionFailedError,2
Closure,83,Functional,junit.framework.AssertionFailedError,1
Closure,84,Functional,junit.framework.AssertionFailedError,1
Closure,86,Functional,junit.framework.AssertionFailedError,7
Closure,87,Functional,junit.framework.AssertionFailedError,1
Closure,88,Functional,junit.framework.AssertionFailedError,7
Closure,89,Functional,junit.framework.AssertionFailedError,8
Closure,91,Functional,junit.framework.AssertionFailedError,1
Closure,92,Functional,junit.framework.AssertionFailedError,1
Closure,94,Functional,junit.framework.AssertionFailedError,3
Closure,95,Functional,junit.framework.AssertionFailedError,2
Closure,96,Functional,junit.framework.AssertionFailedError,1
Closure,97,Functional,junit.framework.AssertionFailedError,1
Closure,98,Functional,junit.framework.AssertionFailedError,1
Closure,99,Functional,junit.framework.AssertionFailedError,3
Closure,100,Functional,junit.framework.AssertionFailedError,9
Closure,101,Functional,junit.framework.AssertionFailedError,1
Closure,102,Functional,junit.framework.AssertionFailedError,1
Closure,103,Functional,junit.framework.AssertionFailedError,3
Closure,104,Functional,junit.framework.AssertionFailedError,1
Closure,105,Functional,junit.framework.AssertionFailedError,1
Closure,107,Functional,junit.framework.AssertionFailedError,1
Closure,109,Functional,junit.framework.AssertionFailedError,2
Closure,110,Functional,junit.framework.AssertionFailedError,2
Closure,111,Functional,junit.framework.AssertionFailedError,1
Closure,112,Functional,junit.framework.AssertionFailedError,2
Closure,113,Functional,junit.framework.AssertionFailedError,1
Closure,114,Functional,junit.framework.AssertionFailedError,1
Closure,115,Functional,junit.framework.AssertionFailedError,5
Closure,116,Functional,junit.framework.AssertionFailedError,8
Closure,119,Functional,junit.framework.AssertionFailedError,1
Closure,120,Functional,junit.framework.AssertionFailedError,1
Closure,121,Functional,junit.framework.AssertionFailedError,1
Closure,122,Functional,junit.framework.AssertionFailedError,3
Closure,124,Functional,junit.framework.AssertionFailedError,1
Closure,126,Functional,junit.framework.AssertionFailedError,2
Closure,127,Functional,junit.framework.AssertionFailedError,6
Closure,129,Functional,junit.framework.AssertionFailedError,1
Closure,130,Functional,junit.framework.AssertionFailedError,1
Closure,131,Functional,junit.framework.AssertionFailedError,2
Closure,132,Functional,junit.framework.AssertionFailedError,1
Closure,134,Functional,junit.framework.AssertionFailedError,2
Closure,135,Functional,junit.framework.AssertionFailedError,2
Closure,137,Functional,junit.framework.AssertionFailedError,5
Closure,139,Functional,junit.framework.AssertionFailedError,3
Closure,140,Functional,junit.framework.AssertionFailedError,1
Closure,146,Functional,junit.framework.AssertionFailedError,1
Closure,147,Functional,junit.framework.AssertionFailedError,3
Closure,149,Functional,junit.framework.AssertionFailedError,1
Closure,150,Functional,junit.framework.AssertionFailedError,2
Closure,151,Functional,junit.framework.AssertionFailedError,1
Closure,153,Functional,junit.framework.AssertionFailedError,2
Closure,154,Functional,junit.framework.AssertionFailedError,1
Closure,155,Functional,junit.framework.AssertionFailedError,7
Closure,156,Functional,junit.framework.AssertionFailedError,2
Closure,158,Functional,junit.framework.AssertionFailedError,2
Closure,159,Functional,junit.framework.AssertionFailedError,1
Closure,160,Functional,junit.framework.AssertionFailedError,1
Closure,161,Functional,junit.framework.AssertionFailedError,1
Closure,162,Functional,junit.framework.AssertionFailedError,1
Closure,163,Functional,junit.framework.AssertionFailedError,3
Closure,165,Functional,junit.framework.AssertionFailedError,1
Closure,167,Functional,junit.framework.AssertionFailedError,3
Closure,168,Functional,junit.framework.AssertionFailedError,1
Closure,169,Functional,junit.framework.AssertionFailedError,2
Closure,170,Functional,junit.framework.AssertionFailedError,1
Closure,172,Functional,junit.framework.AssertionFailedError,1
Closure,175,Functional,junit.framework.AssertionFailedError,5
Closure,176,Functional,junit.framework.AssertionFailedError,1
Codec,2,Functional,junit.framework.AssertionFailedError,2
Codec,4,Functional,junit.framework.AssertionFailedError,2
Codec,6,Functional,junit.framework.AssertionFailedError,1
Codec,12,Functional,junit.framework.AssertionFailedError,12
Codec,14,Functional,junit.framework.AssertionFailedError,1
Codec,15,Functional,junit.framework.AssertionFailedError,1
Collections,1,Functional,junit.framework.AssertionFailedError,4
Collections,3,Functional,junit.framework.AssertionFailedError,1
Collections,4,Functional,junit.framework.AssertionFailedError,3
Collections,5,Functional,junit.framework.AssertionFailedError,1
Collections,6,Functional,junit.framework.AssertionFailedError,1
Collections,8,Functional,junit.framework.AssertionFailedError,1
Collections,9,Functional,junit.framework.AssertionFailedError,1
Collections,11,Functional,junit.framework.AssertionFailedError,1
Collections,12,Functional,junit.framework.AssertionFailedError,1
Collections,14,Functional,junit.framework.AssertionFailedError,1
Collections,15,Functional,junit.framework.AssertionFailedError,1
Collections,16,Functional,junit.framework.AssertionFailedError,1
Collections,17,Functional,junit.framework.AssertionFailedError,1
Collections,18,Functional,junit.framework.AssertionFailedError,1
Collections,19,Functional,junit.framework.AssertionFailedError,1
Collections,21,Functional,junit.framework.AssertionFailedError,1
Collections,23,Functional,junit.framework.AssertionFailedError,2
Collections,24,Functional,junit.framework.AssertionFailedError,2
Collections,26,Functional,junit.framework.AssertionFailedError,1
Collections,27,Functional,junit.framework.AssertionFailedError,1
Compress,2,Functional,junit.framework.AssertionFailedError,1
Compress,3,Functional,junit.framework.AssertionFailedError,1
Compress,5,Functional,junit.framework.AssertionFailedError,1
Compress,6,Functional,junit.framework.AssertionFailedError,1
Compress,8,Functional,junit.framework.AssertionFailedError,1
Compress,9,Functional,junit.framework.AssertionFailedError,1
Compress,10,Functional,junit.framework.AssertionFailedError,1
Compress,11,Functional,junit.framework.AssertionFailedError,1
Compress,13,Functional,junit.framework.AssertionFailedError,2
Compress,15,Functional,junit.framework.AssertionFailedError,1
Compress,16,Functional,junit.framework.AssertionFailedError,1
Compress,17,Functional,junit.framework.AssertionFailedError,1
Compress,25,Functional,junit.framework.AssertionFailedError,1
Compress,26,Functional,junit.framework.AssertionFailedError,2
Compress,28,Functional,junit.framework.AssertionFailedError,1
Compress,29,Functional,junit.framework.AssertionFailedError,3
Compress,30,Functional,junit.framework.AssertionFailedError,1
Compress,31,Functional,junit.framework.AssertionFailedError,2
Compress,34,Functional,junit.framework.AssertionFailedError,1
Compress,39,Functional,junit.framework.AssertionFailedError,1
Compress,40,Functional,junit.framework.AssertionFailedError,2
Compress,41,Functional,junit.framework.AssertionFailedError,2
Compress,42,Functional,junit.framework.AssertionFailedError,1
Compress,43,Functional,junit.framework.AssertionFailedError,1
Compress,44,Functional,junit.framework.AssertionFailedError,3
Compress,46,Functional,junit.framework.AssertionFailedError,1
Compress,47,Functional,junit.framework.AssertionFailedError,1
Csv,1,Functional,junit.framework.AssertionFailedError,1
Csv,3,Functional,junit.framework.AssertionFailedError,3
Csv,5,Functional,junit.framework.AssertionFailedError,1
Csv,7,Functional,junit.framework.AssertionFailedError,1
Csv,10,Functional,junit.framework.AssertionFailedError,1
Csv,13,Functional,junit.framework.AssertionFailedError,2
Csv,14,Functional,junit.framework.AssertionFailedError,6
Csv,15,Functional,junit.framework.AssertionFailedError,1
Csv,16,Functional,junit.framework.AssertionFailedError,1
Gson,8,Functional,junit.framework.AssertionFailedError,2
JacksonCore,1,Functional,junit.framework.AssertionFailedError,1
JacksonCore,2,Functional,junit.framework.AssertionFailedError,2
JacksonCore,3,Functional,junit.framework.AssertionFailedError,1
JacksonCore,4,Functional,junit.framework.AssertionFailedError,1
JacksonCore,6,Functional,junit.framework.AssertionFailedError,1
JacksonCore,7,Functional,junit.framework.AssertionFailedError,2
JacksonCore,12,Functional,junit.framework.AssertionFailedError,1
JacksonCore,14,Functional,junit.framework.AssertionFailedError,1
JacksonCore,16,Functional,junit.framework.AssertionFailedError,1
JacksonCore,18,Functional,junit.framework.AssertionFailedError,1
JacksonCore,23,Functional,junit.framework.AssertionFailedError,1
JacksonCore,26,Functional,junit.framework.AssertionFailedError,1
JacksonDatabind,2,Functional,junit.framework.AssertionFailedError,1
JacksonDatabind,4,Functional,junit.framework.AssertionFailedError,1
JacksonDatabind,7,Functional,junit.framework.AssertionFailedError,1
JacksonDatabind,12,Functional,junit.framework.AssertionFailedError,1
JacksonDatabind,24,Functional,junit.framework.AssertionFailedError,1
JacksonDatabind,30,Functional,junit.framework.AssertionFailedError,1
JacksonDatabind,31,Functional,junit.framework.AssertionFailedError,1
JacksonDatabind,40,Functional,junit.framework.AssertionFailedError,1
JacksonDatabind,42,Functional,junit.framework.AssertionFailedError,1
JacksonDatabind,48,Functional,junit.framework.AssertionFailedError,1
JacksonDatabind,56,Functional,junit.framework.AssertionFailedError,1
JacksonDatabind,77,Functional,junit.framework.AssertionFailedError,1
JacksonDatabind,78,Functional,junit.framework.AssertionFailedError,1
JacksonDatabind,87,Functional,junit.framework.AssertionFailedError,1
JacksonDatabind,88,Functional,junit.framework.AssertionFailedError,1
JacksonDatabind,91,Functional,junit.framework.AssertionFailedError,1
JacksonDatabind,92,Functional,junit.framework.AssertionFailedError,1
JacksonDatabind,94,Functional,junit.framework.AssertionFailedError,1
JacksonDatabind,100,Functional,junit.framework.AssertionFailedError,1
JacksonDatabind,101,Functional,junit.framework.AssertionFailedError,1
JacksonDatabind,103,Functional,junit.framework.AssertionFailedError,1
JacksonDatabind,106,Functional,junit.framework.AssertionFailedError,2
JacksonDatabind,108,Functional,junit.framework.AssertionFailedError,1
JacksonDatabind,111,Functional,junit.framework.AssertionFailedError,1
JacksonXml,1,Functional,junit.framework.AssertionFailedError,3
JacksonXml,2,Functional,junit.framework.AssertionFailedError,1
JacksonXml,5,Functional,junit.framework.AssertionFailedError,1
Jsoup,1,Functional,junit.framework.AssertionFailedError,1
Jsoup,2,Functional,junit.framework.AssertionFailedError,1
Jsoup,3,Functional,junit.framework.AssertionFailedError,3
Jsoup,4,Functional,junit.framework.AssertionFailedError,2
Jsoup,7,Functional,junit.framework.AssertionFailedError,1
Jsoup,9,Functional,junit.framework.AssertionFailedError,1
Jsoup,10,Functional,junit.framework.AssertionFailedError,1
Jsoup,13,Functional,junit.framework.AssertionFailedError,4
Jsoup,14,Functional,junit.framework.AssertionFailedError,2
Jsoup,15,Functional,junit.framework.AssertionFailedError,1
Jsoup,16,Functional,junit.framework.AssertionFailedError,2
Jsoup,17,Functional,junit.framework.AssertionFailedError,1
Jsoup,18,Functional,junit.framework.AssertionFailedError,3
Jsoup,19,Functional,junit.framework.AssertionFailedError,1
Jsoup,20,Functional,junit.framework.AssertionFailedError,1
Jsoup,23,Functional,junit.framework.AssertionFailedError,1
Jsoup,24,Functional,junit.framework.AssertionFailedError,1
Jsoup,25,Functional,junit.framework.AssertionFailedError,1
Jsoup,27,Functional,junit.framework.AssertionFailedError,2
Jsoup,28,Functional,junit.framework.AssertionFailedError,6
Jsoup,29,Functional,junit.framework.AssertionFailedError,1
Jsoup,30,Functional,junit.framework.AssertionFailedError,1
Jsoup,31,Functional,junit.framework.AssertionFailedError,1
Jsoup,32,Functional,junit.framework.AssertionFailedError,1
Jsoup,33,Functional,junit.framework.AssertionFailedError,1
Jsoup,35,Functional,junit.framework.AssertionFailedError,1
Jsoup,37,Functional,junit.framework.AssertionFailedError,1
Jsoup,38,Functional,junit.framework.AssertionFailedError,1
Jsoup,39,Functional,junit.framework.AssertionFailedError,1
Jsoup,41,Functional,junit.framework.AssertionFailedError,1
Jsoup,42,Functional,junit.framework.AssertionFailedError,2
Jsoup,43,Functional,junit.framework.AssertionFailedError,2
Jsoup,44,Functional,junit.framework.AssertionFailedError,1
Jsoup,45,Functional,junit.framework.AssertionFailedError,1
Jsoup,46,Functional,junit.framework.AssertionFailedError,1
Jsoup,47,Functional,junit.framework.AssertionFailedError,1
Jsoup,48,Functional,junit.framework.AssertionFailedError,1
Jsoup,49,Functional,junit.framework.AssertionFailedError,1
Jsoup,50,Functional,junit.framework.AssertionFailedError,1
Jsoup,51,Functional,junit.framework.AssertionFailedError,1
Jsoup,52,Functional,junit.framework.AssertionFailedError,7
Jsoup,55,Functional,junit.framework.AssertionFailedError,1
Jsoup,56,Functional,junit.framework.AssertionFailedError,1
Jsoup,58,Functional,junit.framework.AssertionFailedError,2
Jsoup,61,Functional,junit.framework.AssertionFailedError,2
Jsoup,62,Functional,junit.framework.AssertionFailedError,1
Jsoup,63,Functional,junit.framework.AssertionFailedError,3
Jsoup,64,Functional,junit.framework.AssertionFailedError,2
Jsoup,65,Functional,junit.framework.AssertionFailedError,1
Jsoup,67,Functional,junit.framework.AssertionFailedError,1
Jsoup,69,Functional,junit.framework.AssertionFailedError,1
Jsoup,70,Functional,junit.framework.AssertionFailedError,1
Jsoup,73,Functional,junit.framework.AssertionFailedError,1
Jsoup,74,Functional,junit.framework.AssertionFailedError,1
Jsoup,75,Functional,junit.framework.AssertionFailedError,1
Jsoup,76,Functional,junit.framework.AssertionFailedError,1
Jsoup,77,Functional,junit.framework.AssertionFailedError,1
Jsoup,81,Functional,junit.framework.AssertionFailedError,1
Jsoup,82,Functional,junit.framework.AssertionFailedError,1
Jsoup,83,Functional,junit.framework.AssertionFailedError,2
Jsoup,85,Functional,junit.framework.AssertionFailedError,1
Jsoup,87,Functional,junit.framework.AssertionFailedError,1
Jsoup,88,Functional,junit.framework.AssertionFailedError,1
Jsoup,91,Functional,junit.framework.AssertionFailedError,3
Jsoup,92,Functional,junit.framework.AssertionFailedError,3
Jsoup,93,Functional,junit.framework.AssertionFailedError,1
JxPath,2,Functional,junit.framework.AssertionFailedError,1
JxPath,3,Functional,junit.framework.AssertionFailedError,1
JxPath,4,Functional,junit.framework.AssertionFailedError,6
JxPath,6,Functional,junit.framework.AssertionFailedError,1
JxPath,7,Functional,junit.framework.AssertionFailedError,1
JxPath,8,Functional,junit.framework.AssertionFailedError,1
JxPath,9,Functional,junit.framework.AssertionFailedError,1
JxPath,10,Functional,junit.framework.AssertionFailedError,1
JxPath,14,Functional,junit.framework.AssertionFailedError,1
JxPath,15,Functional,junit.framework.AssertionFailedError,2
JxPath,17,Functional,junit.framework.AssertionFailedError,2
JxPath,18,Functional,junit.framework.AssertionFailedError,2
JxPath,19,Functional,junit.framework.AssertionFailedError,2
JxPath,20,Functional,junit.framework.AssertionFailedError,1
JxPath,21,Functional,junit.framework.AssertionFailedError,2
Lang,3,Functional,junit.framework.AssertionFailedError,1
Lang,4,Functional,junit.framework.AssertionFailedError,1
Lang,7,Functional,junit.framework.AssertionFailedError,1
Lang,8,Functional,junit.framework.AssertionFailedError,2
Lang,9,Functional,junit.framework.AssertionFailedError,2
Lang,10,Functional,junit.framework.AssertionFailedError,2
Lang,11,Functional,junit.framework.AssertionFailedError,1
Lang,14,Functional,junit.framework.AssertionFailedError,1
Lang,15,Functional,junit.framework.AssertionFailedError,2
Lang,21,Functional,junit.framework.AssertionFailedError,1
Lang,22,Functional,junit.framework.AssertionFailedError,2
Lang,23,Functional,junit.framework.AssertionFailedError,1
Lang,24,Functional,junit.framework.AssertionFailedError,1
Lang,29,Functional,junit.framework.AssertionFailedError,1
Lang,30,Functional,junit.framework.AssertionFailedError,10
Lang,31,Functional,junit.framework.AssertionFailedError,2
Lang,32,Functional,junit.framework.AssertionFailedError,1
Lang,34,Functional,junit.framework.AssertionFailedError,27
Lang,40,Functional,junit.framework.AssertionFailedError,1
Lang,49,Functional,junit.framework.AssertionFailedError,1
Lang,50,Functional,junit.framework.AssertionFailedError,2
Lang,53,Functional,junit.framework.AssertionFailedError,1
Lang,55,Functional,junit.framework.AssertionFailedError,1
Lang,60,Functional,junit.framework.AssertionFailedError,1
Lang,64,Functional,junit.framework.AssertionFailedError,1
Lang,65,Functional,junit.framework.AssertionFailedError,1
Math,2,Functional,junit.framework.AssertionFailedError,1
Math,5,Functional,junit.framework.AssertionFailedError,1
Math,6,Functional,junit.framework.AssertionFailedError,28
Math,7,Functional,junit.framework.AssertionFailedError,1
Math,9,Functional,junit.framework.AssertionFailedError,1
Math,10,Functional,junit.framework.AssertionFailedError,1
Math,11,Functional,junit.framework.AssertionFailedError,1
Math,12,Functional,junit.framework.AssertionFailedError,3
Math,15,Functional,junit.framework.AssertionFailedError,1
Math,16,Functional,junit.framework.AssertionFailedError,2
Math,17,Functional,junit.framework.AssertionFailedError,1
Math,18,Functional,junit.framework.AssertionFailedError,1
Math,20,Functional,junit.framework.AssertionFailedError,1
Math,21,Functional,junit.framework.AssertionFailedError,2
Math,22,Functional,junit.framework.AssertionFailedError,2
Math,23,Functional,junit.framework.AssertionFailedError,1
Math,24,Functional,junit.framework.AssertionFailedError,1
Math,25,Functional,junit.framework.AssertionFailedError,1
Math,26,Functional,junit.framework.AssertionFailedError,1
Math,27,Functional,junit.framework.AssertionFailedError,1
Math,29,Functional,junit.framework.AssertionFailedError,3
Math,30,Functional,junit.framework.AssertionFailedError,1
Math,33,Functional,junit.framework.AssertionFailedError,1
Math,34,Functional,junit.framework.AssertionFailedError,1
Math,35,Functional,junit.framework.AssertionFailedError,4
Math,36,Functional,junit.framework.AssertionFailedError,2
Math,37,Functional,junit.framework.AssertionFailedError,4
Math,39,Functional,junit.framework.AssertionFailedError,1
Math,41,Functional,junit.framework.AssertionFailedError,1
Math,42,Functional,junit.framework.AssertionFailedError,1
Math,43,Functional,junit.framework.AssertionFailedError,6
Math,44,Functional,junit.framework.AssertionFailedError,1
Math,45,Functional,junit.framework.AssertionFailedError,1
Math,46,Functional,junit.framework.AssertionFailedError,2
Math,47,Functional,junit.framework.AssertionFailedError,2
Math,50,Functional,junit.framework.AssertionFailedError,1
Math,52,Functional,junit.framework.AssertionFailedError,1
Math,53,Functional,junit.framework.AssertionFailedError,1
Math,54,Functional,junit.framework.AssertionFailedError,1
Math,55,Functional,junit.framework.AssertionFailedError,1
Math,56,Functional,junit.framework.AssertionFailedError,1
Math,57,Functional,junit.framework.AssertionFailedError,1
Math,59,Functional,junit.framework.AssertionFailedError,1
Math,62,Functional,junit.framework.AssertionFailedError,1
Math,63,Functional,junit.framework.AssertionFailedError,1
Math,64,Functional,junit.framework.AssertionFailedError,2
Math,65,Functional,junit.framework.AssertionFailedError,1
Math,66,Functional,junit.framework.AssertionFailedError,4
Math,67,Functional,junit.framework.AssertionFailedError,1
Math,68,Functional,junit.framework.AssertionFailedError,2
Math,69,Functional,junit.framework.AssertionFailedError,2
Math,71,Functional,junit.framework.AssertionFailedError,2
Math,72,Functional,junit.framework.AssertionFailedError,1
Math,73,Functional,junit.framework.AssertionFailedError,1
Math,74,Functional,junit.framework.AssertionFailedError,1
Math,75,Functional,junit.framework.AssertionFailedError,1
Math,76,Functional,junit.framework.AssertionFailedError,2
Math,77,Functional,junit.framework.AssertionFailedError,2
Math,80,Functional,junit.framework.AssertionFailedError,1
Math,82,Functional,junit.framework.AssertionFailedError,1
Math,83,Functional,junit.framework.AssertionFailedError,1
Math,86,Functional,junit.framework.AssertionFailedError,2
Math,87,Functional,junit.framework.AssertionFailedError,1
Math,88,Functional,junit.framework.AssertionFailedError,1
Math,91,Functional,junit.framework.AssertionFailedError,1
Math,92,Functional,junit.framework.AssertionFailedError,1
Math,93,Functional,junit.framework.AssertionFailedError,1
Math,94,Functional,junit.framework.AssertionFailedError,1
Math,96,Functional,junit.framework.AssertionFailedError,1
Math,99,Functional,junit.framework.AssertionFailedError,2
Math,102,Functional,junit.framework.AssertionFailedError,6
Math,104,Functional,junit.framework.AssertionFailedError,1
Math,105,Functional,junit.framework.AssertionFailedError,1
Math,106,Functional,junit.framework.AssertionFailedError,1
Mockito,13,Functional,junit.framework.AssertionFailedError,1
Mockito,14,Functional,junit.framework.AssertionFailedError,1
Mockito,15,Functional,junit.framework.AssertionFailedError,1
Mockito,24,Functional,junit.framework.AssertionFailedError,2
Mockito,27,Functional,junit.framework.AssertionFailedError,1
Mockito,28,Functional,junit.framework.AssertionFailedError,1
Mockito,30,Functional,junit.framework.AssertionFailedError,1
Mockito,32,Functional,junit.framework.AssertionFailedError,1
Mockito,33,Functional,junit.framework.AssertionFailedError,2
Mockito,37,Functional,junit.framework.AssertionFailedError,2
Time,1,Functional,junit.framework.AssertionFailedError,1
Time,4,Functional,junit.framework.AssertionFailedError,1
Time,9,Functional,junit.framework.AssertionFailedError,1
Time,11,Functional,junit.framework.AssertionFailedError,1
Time,12,Functional,junit.framework.AssertionFailedError,8
Time,15,Functional,junit.framework.AssertionFailedError,1
Time,16,Functional,junit.framework.AssertionFailedError,7
Time,17,Functional,junit.framework.AssertionFailedError,1
Time,22,Functional,junit.framework.AssertionFailedError,2
Time,24,Functional,junit.framework.AssertionFailedError,7